id,full_name,email,created_at
1,Ved Bansal,ved.bansal1@gmail.com,2023-10-04 13:43:12
2,Ira Bansal,ira.bansal2@gmail.com,2025-08-05 13:43:12
3,Vivaan Mehta,vivaan.mehta3@hotmail.com,2024-11-16 13:43:12
4,Rohan Chopra,rohan.chopra4@yahoo.com,2025-03-11 13:43:12
5,Pooja Shah,pooja.shah5@gmail.com,2024-01-24 13:43:12
6,Kavya Kapoor,kavya.kapoor6@hotmail.com,2024-09-11 13:43:12
7,Suresh Menon,suresh.menon7@yahoo.com,2024-01-03 13:43:12
8,Aarav Gupta,aarav.gupta8@yahoo.com,2024-05-16 13:43:12
9,Shaurya Shetty,shaurya.shetty9@yahoo.com,2024-05-30 13:43:12
10,Diya Dubey,diya.dubey10@gmail.com,2024-04-09 13:43:12
11,Priya Nair,priya.nair11@yahoo.com,2025-09-02 13:43:12
12,Vikram Malhotra,vikram.malhotra12@yahoo.com,2025-03-20 13:43:12
13,Rohan Patel,rohan.patel13@gmail.com,2025-01-09 13:43:12
14,Amit Kapoor,amit.kapoor14@outlook.com,2025-05-03 13:43:12
15,Kiaan Jain,kiaan.jain15@yahoo.com,2024-03-30 13:43:12
16,Aadhya Gupta,aadhya.gupta16@yahoo.com,2025-02-16 13:43:12
17,Pooja Pillai,pooja.pillai17@hotmail.com,2025-01-13 13:43:12
18,Rajesh Kapoor,rajesh.kapoor18@gmail.com,2025-06-12 13:43:12
19,Sneha Gupta,sneha.gupta19@yahoo.com,2024-05-05 13:43:12
20,Amit Iyer,amit.iyer20@gmail.com,2024-08-10 13:43:12
21,Rohan Pandey,rohan.pandey21@hotmail.com,2025-08-30 13:43:12
22,Rajesh Reddy,rajesh.reddy22@yahoo.com,2024-05-09 13:43:12
23,Ananya Sharma,ananya.sharma23@hotmail.com,2024-02-22 13:43:12
24,Vivaan Kumar,vivaan.kumar24@outlook.com,2025-09-22 13:43:12
25,Sara Pandey,sara.pandey25@outlook.com,2024-06-01 13:43:12
26,Shaurya Bansal,shaurya.bansal26@yahoo.com,2024-10-22 13:43:12
27,Saanvi Reddy,saanvi.reddy27@hotmail.com,2025-07-27 13:43:12
28,Suresh Gupta,suresh.gupta28@yahoo.com,2023-12-30 13:43:12
29,Pari Mishra,pari.mishra29@outlook.com,2024-12-08 13:43:12
30,Aadhya Agarwal,aadhya.agarwal30@yahoo.com,2025-04-02 13:43:12
31,Suresh Pandey,suresh.pandey31@outlook.com,2024-02-23 13:43:12
32,Ananya Rao,ananya.rao32@outlook.com,2024-08-02 13:43:12
33,Aadhya Bhat,aadhya.bhat33@hotmail.com,2024-08-06 13:43:12
34,Vivaan Pandey,vivaan.pandey34@yahoo.com,2025-06-07 13:43:12
35,Kiara Desai,kiara.desai35@yahoo.com,2023-12-04 13:43:12
36,Suresh Joshi,suresh.joshi36@hotmail.com,2023-11-13 13:43:12
37,Pooja Bhat,pooja.bhat37@outlook.com,2024-04-21 13:43:12
38,Vivaan Rao,vivaan.rao38@outlook.com,2025-07-03 13:43:12
39,Arjun Dubey,arjun.dubey39@outlook.com,2023-11-11 13:43:12
40,Myra Gupta,myra.gupta40@hotmail.com,2024-11-09 13:43:12
41,Pranav Mishra,pranav.mishra41@gmail.com,2024-11-21 13:43:12
42,Ira Rao,ira.rao42@outlook.com,2024-05-21 13:43:12
43,Saanvi Agarwal,saanvi.agarwal43@gmail.com,2025-05-20 13:43:12
44,Kavya Desai,kavya.desai44@gmail.com,2025-02-16 13:43:12
45,Rahul Malhotra,rahul.malhotra45@gmail.com,2024-06-15 13:43:12
46,Amit Rao,amit.rao46@hotmail.com,2024-07-21 13:43:12
47,Myra Chopra,myra.chopra47@gmail.com,2024-06-04 13:43:12
48,Rohan Shetty,rohan.shetty48@outlook.com,2024-06-19 13:43:12
49,Pranav Patel,pranav.patel49@yahoo.com,2024-12-16 13:43:12
50,Rahul Krishnan,rahul.krishnan50@outlook.com,2025-05-22 13:43:12
51,Riya Singh,riya.singh51@outlook.com,2024-05-02 13:43:12
52,Ira Iyer,ira.iyer52@outlook.com,2025-01-01 13:43:12
53,Sara Mishra,sara.mishra53@hotmail.com,2024-11-27 13:43:12
54,Karan Menon,karan.menon54@hotmail.com,2024-01-07 13:43:12
55,Atharva Iyer,atharva.iyer55@gmail.com,2024-04-11 13:43:12
56,Krishna Nair,krishna.nair56@hotmail.com,2025-07-11 13:43:12
57,Aarav Singh,aarav.singh57@yahoo.com,2023-10-23 13:43:12
58,Pranav Kumar,pranav.kumar58@outlook.com,2024-09-20 13:43:12
59,Ishaan Singh,ishaan.singh59@gmail.com,2023-11-02 13:43:12
60,Amit Iyer,amit.iyer60@outlook.com,2025-07-01 13:43:12
61,Suresh Bansal,suresh.bansal61@gmail.com,2023-11-17 13:43:12
62,Avni Rao,avni.rao62@outlook.com,2024-10-05 13:43:12
63,Anil Shah,anil.shah63@outlook.com,2025-04-08 13:43:12
64,Myra Shah,myra.shah64@hotmail.com,2024-02-13 13:43:12
65,Pari Jain,pari.jain65@gmail.com,2024-06-18 13:43:12
66,Ira Singh,ira.singh66@gmail.com,2024-04-27 13:43:12
67,Shaurya Jain,shaurya.jain67@gmail.com,2024-12-23 13:43:12
68,Aarav Gupta,aarav.gupta68@outlook.com,2025-06-04 13:43:12
69,Rahul Iyer,rahul.iyer69@yahoo.com,2024-03-07 13:43:12
70,Avni Reddy,avni.reddy70@gmail.com,2025-03-06 13:43:12
71,Diya Malhotra,diya.malhotra71@gmail.com,2025-08-13 13:43:12
72,Krishna Kumar,krishna.kumar72@yahoo.com,2025-07-07 13:43:12
73,Sara Bhat,sara.bhat73@yahoo.com,2024-04-14 13:43:12
74,Riya Bhat,riya.bhat74@hotmail.com,2025-05-06 13:43:12
75,Aditya Rao,aditya.rao75@yahoo.com,2025-06-23 13:43:12
76,Divya Sharma,divya.sharma76@gmail.com,2024-05-22 13:43:12
77,Reyansh Singh,reyansh.singh77@outlook.com,2025-05-02 13:43:12
78,Arjun Nair,arjun.nair78@gmail.com,2024-11-27 13:43:12
79,Pooja Kumar,pooja.kumar79@hotmail.com,2024-07-16 13:43:12
80,Aditya Jain,aditya.jain80@gmail.com,2025-05-29 13:43:12
81,Avni Bansal,avni.bansal81@yahoo.com,2023-10-18 13:43:12
82,Saanvi Jain,saanvi.jain82@hotmail.com,2025-04-24 13:43:12
83,Kiara Sharma,kiara.sharma83@outlook.com,2025-09-18 13:43:12
84,Aadhya Mishra,aadhya.mishra84@yahoo.com,2024-05-21 13:43:12
85,Avni Singh,avni.singh85@gmail.com,2024-01-29 13:43:12
86,Pranav Desai,pranav.desai86@yahoo.com,2025-06-16 13:43:12
87,Rahul Bansal,rahul.bansal87@gmail.com,2025-02-05 13:43:12
88,Pranav Malhotra,pranav.malhotra88@gmail.com,2025-06-28 13:43:12
89,Kavya Mehta,kavya.mehta89@yahoo.com,2025-03-12 13:43:12
90,Shaurya Patel,shaurya.patel90@gmail.com,2025-01-31 13:43:12
91,Shreya Agarwal,shreya.agarwal91@hotmail.com,2023-10-29 13:43:12
92,Advait Mehta,advait.mehta92@outlook.com,2024-10-30 13:43:12
93,Advait Tiwari,advait.tiwari93@hotmail.com,2025-06-02 13:43:12
94,Vivaan Mehta,vivaan.mehta94@hotmail.com,2024-07-18 13:43:12
95,Pranav Agrawal,pranav.agrawal95@yahoo.com,2024-10-07 13:43:12
96,Myra Kumar,myra.kumar96@gmail.com,2025-03-21 13:43:12
97,Aadhya Sharma,aadhya.sharma97@gmail.com,2024-11-16 13:43:12
98,Pooja Tiwari,pooja.tiwari98@hotmail.com,2024-03-29 13:43:12
99,Prisha Shetty,prisha.shetty99@yahoo.com,2025-01-22 13:43:12
100,Rajesh Shah,rajesh.shah100@gmail.com,2025-01-10 13:43:12
101,Rohan Pandey,rohan.pandey101@gmail.com,2024-12-04 13:43:12
102,Ayaan Singh,ayaan.singh102@outlook.com,2024-09-08 13:43:12
103,Aarohi Agrawal,aarohi.agrawal103@yahoo.com,2024-02-25 13:43:12
104,Reyansh Verma,reyansh.verma104@hotmail.com,2025-04-08 13:43:12
105,Kavya Pillai,kavya.pillai105@gmail.com,2024-02-29 13:43:12
106,Shreya Tiwari,shreya.tiwari106@gmail.com,2024-05-15 13:43:12
107,Divya Malhotra,divya.malhotra107@yahoo.com,2025-02-24 13:43:12
108,Krishna Pillai,krishna.pillai108@hotmail.com,2024-09-16 13:43:12
109,Ayaan Jain,ayaan.jain109@hotmail.com,2024-06-21 13:43:12
110,Aditya Shah,aditya.shah110@yahoo.com,2024-05-30 13:43:12
111,Kiaan Chopra,kiaan.chopra111@outlook.com,2025-09-09 13:43:12
112,Divya Mishra,divya.mishra112@outlook.com,2024-08-04 13:43:12
113,Riya Shetty,riya.shetty113@hotmail.com,2025-04-11 13:43:12
114,Ayaan Desai,ayaan.desai114@hotmail.com,2025-07-24 13:43:12
115,Rajesh Tiwari,rajesh.tiwari115@gmail.com,2024-02-21 13:43:12
116,Anika Nair,anika.nair116@yahoo.com,2024-05-02 13:43:12
117,Sai Chopra,sai.chopra117@hotmail.com,2025-01-04 13:43:12
118,Rajesh Kumar,rajesh.kumar118@outlook.com,2023-12-16 13:43:12
119,Ira Bhat,ira.bhat119@outlook.com,2025-02-10 13:43:12
120,Rajesh Iyer,rajesh.iyer120@hotmail.com,2024-09-03 13:43:12
121,Suresh Agarwal,suresh.agarwal121@hotmail.com,2025-02-13 13:43:12
122,Neha Iyer,neha.iyer122@gmail.com,2024-10-03 13:43:12
123,Sara Jain,sara.jain123@gmail.com,2024-01-24 13:43:12
124,Sai Shetty,sai.shetty124@yahoo.com,2025-09-11 13:43:12
125,Advait Joshi,advait.joshi125@outlook.com,2025-09-23 13:43:12
126,Riya Shah,riya.shah126@gmail.com,2024-06-01 13:43:12
127,Divya Menon,divya.menon127@hotmail.com,2025-08-15 13:43:12
128,Rajesh Bansal,rajesh.bansal128@gmail.com,2025-05-25 13:43:12
129,Neha Nair,neha.nair129@yahoo.com,2025-08-17 13:43:12
130,Divya Joshi,divya.joshi130@yahoo.com,2024-10-03 13:43:12
131,Karan Verma,karan.verma131@yahoo.com,2024-09-11 13:43:12
132,Ved Malhotra,ved.malhotra132@outlook.com,2025-06-07 13:43:12
133,Aarohi Malhotra,aarohi.malhotra133@hotmail.com,2025-09-26 13:43:12
134,Arjun Chopra,arjun.chopra134@outlook.com,2024-10-13 13:43:12
135,Vivaan Krishnan,vivaan.krishnan135@outlook.com,2023-11-20 13:43:12
136,Divya Shetty,divya.shetty136@hotmail.com,2025-02-21 13:43:12
137,Aditya Dubey,aditya.dubey137@hotmail.com,2025-10-01 13:43:12
138,Anil Joshi,anil.joshi138@hotmail.com,2023-11-02 13:43:12
139,Saanvi Menon,saanvi.menon139@yahoo.com,2025-04-23 13:43:12
140,Aarav Patel,aarav.patel140@yahoo.com,2024-03-29 13:43:12
141,Prisha Malhotra,prisha.malhotra141@hotmail.com,2024-07-22 13:43:12
142,Pranav Kapoor,pranav.kapoor142@outlook.com,2025-05-29 13:43:12
143,Kiaan Kumar,kiaan.kumar143@yahoo.com,2023-10-29 13:43:12
144,Anika Agrawal,anika.agrawal144@yahoo.com,2023-10-13 13:43:12
145,Pranav Joshi,pranav.joshi145@outlook.com,2025-07-12 13:43:12
146,Reyansh Tiwari,reyansh.tiwari146@outlook.com,2024-05-15 13:43:12
147,Arjun Iyer,arjun.iyer147@outlook.com,2024-06-20 13:43:12
148,Myra Joshi,myra.joshi148@hotmail.com,2024-01-26 13:43:12
149,Anil Sharma,anil.sharma149@outlook.com,2024-12-25 13:43:12
150,Aarohi Singh,aarohi.singh150@outlook.com,2025-06-05 13:43:12
